,District,Party,Total 2020,Winner 2016,Median Age (years),"Citizen, 18 and over population",White (percent),Black or African American (percent),American Indian and Alaska Native (percent),Asian (percent),Native Hawaiian and Other Pacific Islander (percent),Other (percent),Two or more races (percent),Postsecondary (percent),Secondary or less (percent),Median Household Income (dollars)
0,AK-AL,1,357569,1,35.0,533151,64.2,3.1,15.8,6.0,1.4,1.7,7.9,62.69164691298958,37.30835308701042,75463
1,AL-01,1,331886,1,40.4,546223,66.9,27.4,1.0,1.4,0.0,1.1,2.1,53.66332680468552,46.33667319531448,50663
2,AL-02,1,306714,1,39.0,513747,62.8,32.2,0.3,1.3,0.0,1.4,1.9,54.349422192989834,45.650577807010166,50494
3,AL-03,1,324741,1,38.9,550776,68.9,26.3,0.3,1.8,0.1,1.0,1.7,55.165667391741266,44.834332608258734,51925
4,AL-04,1,320725,1,41.1,516456,86.8,7.4,0.5,0.5,0.1,3.0,1.8,48.75400511754598,51.24599488245401,47531
5,AL-05,1,364107,1,39.7,563216,75.0,18.3,0.5,1.7,0.0,1.8,2.6,61.1911655080353,38.8088344919647,59950
6,AL-06,1,370171,1,39.9,527401,78.6,16.0,0.4,1.6,0.0,1.8,1.7,66.05738332341076,33.942616676589246,69072
7,AL-07,0,297626,0,36.8,513517,34.2,62.6,0.2,1.2,0.0,0.6,1.2,50.826908587215456,49.17309141278455,38023
8,AR-01,1,271712,1,40.1,548521,77.4,17.6,0.3,0.5,0.3,0.9,3.1,46.009528195975705,53.990471804024295,43193
9,AR-02,1,333347,1,38.0,576874,70.8,23.3,0.4,1.6,0.0,1.5,2.5,59.157431832229435,40.84256816777057,53600
10,AR-03,1,335854,1,36.2,579984,83.8,3.1,1.1,3.1,1.1,4.4,3.5,56.847802464716715,43.152197535283285,54310
11,AR-04,1,278156,1,41.4,530036,74.0,19.4,0.5,0.7,0.2,3.1,1.9,47.89444328243743,52.10555671756257,43824
12,AZ-01,0,373579,1,39.0,579140,64.2,2.8,23.0,1.6,0.2,4.5,3.7,60.25562762935648,39.74437237064352,56117
13,AZ-02,0,391436,0,41.5,555917,81.8,4.3,1.4,2.8,0.2,4.6,4.8,68.21575311939212,31.784246880607885,54835
14,AZ-03,0,278497,0,32.1,498408,74.5,4.4,4.6,1.7,0.1,9.9,4.8,48.61465906857929,51.38534093142071,54583
15,AZ-04,1,411938,1,48.7,646034,87.8,1.7,2.2,1.0,0.1,3.9,3.2,57.883538683802925,42.116461316197075,55040
16,AZ-05,1,465598,1,39.3,601179,82.9,4.0,1.1,5.3,0.1,2.7,3.9,71.29379118973291,28.706208810267082,82540
17,AZ-06,1,432328,1,43.2,603700,82.6,3.0,1.9,5.7,0.1,2.9,3.7,71.74116253244028,28.258837467559715,76615
18,AZ-07,0,224168,0,30.6,472749,72.9,9.9,2.5,2.5,0.5,8.3,3.4,41.94410980157549,58.0558901984245,49066
19,AZ-08,1,438952,1,42.9,595539,82.8,5.1,1.3,3.8,0.1,3.3,3.6,66.9540922624987,33.045907737501295,73632
20,AZ-09,0,368798,0,33.3,584808,75.1,7.0,3.6,5.3,0.3,4.7,3.8,70.99246569473516,29.00753430526483,65379
21,CA-01,1,360907,1,41.1,548314,84.8,1.6,1.6,3.0,0.3,3.3,5.4,64.22247954218196,35.777520457818035,61433
22,CA-02,0,399857,0,44.9,531039,79.9,1.8,2.5,3.9,0.2,6.5,5.1,72.00825393608267,27.991746063917333,80051
23,CA-03,0,327612,0,35.5,522479,68.7,6.3,1.2,11.3,0.7,5.2,6.6,62.82677509843786,37.17322490156214,73191
24,CA-04,1,448596,1,44.9,577133,84.4,1.7,1.2,5.9,0.2,1.9,4.6,70.29929820075742,29.70070179924258,86374
25,CA-05,0,364567,0,41.5,520065,62.5,6.6,0.5,11.7,0.3,12.8,5.6,65.87441774701915,34.12558225298084,85856
26,CA-06,0,320576,0,33.9,519617,49.6,11.8,0.7,15.2,1.4,12.5,8.8,60.32902251645709,39.67097748354292,64687
27,CA-07,0,391993,0,39.1,537108,60.4,7.2,0.6,17.8,1.1,5.3,7.6,68.80386559356957,31.19613440643044,77786
28,CA-08,1,293165,1,33.4,473737,73.9,8.5,1.5,2.4,0.6,7.9,5.3,52.85295333698714,47.14704666301285,56140
29,CA-09,0,310973,0,35.7,506465,53.0,9.5,0.7,16.3,0.8,8.7,11.0,52.19557581658542,47.80442418341458,72237
30,CA-10,0,307948,0,34.8,491086,76.7,3.5,0.7,7.4,0.7,5.7,5.2,51.912110684896504,48.087889315103496,69647
31,CA-11,0,383481,0,39.8,502739,54.0,7.4,0.6,14.8,0.2,16.6,6.4,69.70514730901454,30.294852690985465,103580
32,CA-12,0,392046,0,38.0,584273,46.9,5.8,0.4,32.8,0.4,7.7,5.9,77.48982352871367,22.510176471286332,127290
33,CA-13,0,377198,0,37.0,541697,40.6,17.5,0.9,20.7,0.5,13.2,6.5,72.88522908956564,27.114770910434355,91514
34,CA-14,0,360155,0,40.1,501803,43.6,2.5,0.5,36.3,1.2,10.6,5.3,72.13100158772816,27.868998412271832,125980
35,CA-15,0,357230,0,39.2,502500,41.0,4.9,0.5,37.1,1.0,8.8,6.6,71.0818287228756,28.9181712771244,125018
36,CA-16,0,220032,0,31.0,423209,56.0,5.3,1.1,9.3,0.2,24.9,3.2,44.93589695218117,55.06410304781883,50401
37,CA-17,0,310238,0,36.7,454565,27.6,2.3,0.6,55.6,0.8,8.5,4.7,77.2504372764375,22.7495627235625,147671
38,CA-18,0,385683,0,39.7,486648,62.6,2.4,0.2,24.4,0.2,5.0,5.2,83.01438162453043,16.985618375469574,149375
39,CA-19,0,325914,0,37.4,470847,46.9,2.8,0.5,31.0,0.3,13.0,5.5,64.14028623814944,35.85971376185056,107240
40,CA-20,0,311479,0,35.6,446278,58.2,2.4,0.6,5.8,0.2,28.3,4.5,57.56144792360648,42.43855207639351,80461
41,CA-21,1,172064,0,29.8,376921,71.1,2.9,1.7,3.2,0.1,18.3,2.7,36.807183353640355,63.19281664635965,46037
42,CA-22,1,316729,1,33.0,485479,66.0,3.2,1.0,8.4,0.2,16.5,4.7,60.117869591943574,39.882130408056426,66532
43,CA-23,1,308922,1,35.1,499637,72.1,6.8,1.0,5.0,0.1,10.0,4.9,57.31379552908289,42.68620447091712,63550
44,CA-24,0,365325,0,36.5,510335,80.3,2.0,1.2,5.0,0.1,7.9,3.5,67.03262579350063,32.967374206499365,76308
45,CA-25,1,349249,0,37.2,490670,67.1,10.1,1.6,8.6,0.3,8.2,4.0,60.74636032205013,39.25363967794987,84670
46,CA-26,0,353297,0,38.4,483010,81.1,2.0,0.7,6.7,0.1,4.9,4.6,64.05023435415148,35.94976564584852,91602
47,CA-27,0,337460,0,41.5,482244,38.3,3.9,0.7,39.3,0.1,13.2,4.4,68.639514298175,31.360485701825002,90792
48,CA-28,0,356476,0,40.0,489048,67.2,2.7,0.5,15.1,0.3,9.4,4.8,71.69919094264986,28.300809057350147,74431
49,CA-29,0,252103,0,35.1,416537,58.2,4.0,0.5,7.4,0.1,26.4,3.4,48.56551246886838,51.43448753113162,60970
50,CA-30,0,376861,0,40.5,529032,61.5,4.5,0.3,12.4,0.1,16.0,5.1,72.23664302943294,27.763356970567056,89460
51,CA-31,0,296238,0,34.2,498759,60.5,11.2,0.4,8.4,0.2,14.2,5.2,57.007261465611094,42.992738534388906,70554
52,CA-32,0,283909,0,38.9,456875,50.3,2.6,0.8,19.2,0.4,21.8,4.8,51.448495917645445,48.551504082354555,71136
53,CA-33,0,414262,0,41.2,522362,71.4,3.2,0.3,16.3,0.1,3.1,5.7,85.98818459730393,14.011815402696065,117012
54,CA-34,0,239944,0,35.0,416264,34.7,5.0,1.7,20.3,0.1,34.5,3.8,50.5999064552646,49.4000935447354,52043
55,CA-35,0,255345,0,33.3,455488,52.1,5.3,1.1,7.4,0.4,28.8,5.0,48.25238199346935,51.74761800653065,73069
56,CA-36,0,310310,0,43.1,538461,71.2,4.9,1.3,3.9,0.1,15.0,3.5,55.19504652181415,44.80495347818585,58728
57,CA-37,0,326798,0,35.7,475186,50.2,21.9,0.5,9.2,0.1,14.2,3.9,64.90101963518379,35.09898036481622,69573
58,CA-38,0,315673,0,38.0,475031,41.4,4.8,0.9,16.1,0.3,32.8,3.7,56.8031393965005,43.196860603499495,79573
59,CA-39,1,351332,0,40.5,486371,51.9,1.7,0.3,32.7,0.2,9.3,3.8,70.86624722571364,29.133752774286354,96431
60,CA-40,0,203218,0,31.2,334291,55.7,5.1,1.1,1.9,0.1,34.4,1.7,34.71021659868086,65.28978340131914,51774
61,CA-41,0,266807,0,31.5,479421,46.6,9.1,0.8,6.7,0.2,33.0,3.6,49.23137557208437,50.76862442791563,69984
62,CA-42,1,375949,1,35.6,565461,61.1,6.2,0.5,9.5,0.7,16.5,5.5,62.23350369182214,37.76649630817786,90651
63,CA-43,0,292083,0,35.4,451030,43.3,20.2,0.9,12.0,0.6,18.2,4.8,56.63973355793123,43.36026644206877,66670
64,CA-44,0,240722,0,33.5,405957,45.8,14.6,0.7,6.0,0.5,28.6,3.8,43.17187704626668,56.82812295373333,59030
65,CA-45,0,418564,0,39.3,537433,61.9,1.8,0.3,26.2,0.2,4.6,4.9,81.2445259907557,18.75547400924428,115427
66,CA-46,0,233507,0,33.8,419462,50.7,2.1,0.6,13.8,0.6,29.6,2.7,47.02926343883368,52.97073656116632,71800
67,CA-47,0,326086,0,38.2,483829,52.5,6.9,0.4,23.4,0.4,12.1,4.2,62.597589825040586,37.402410174959414,72493
68,CA-48,1,401759,0,41.0,513819,62.1,1.4,0.4,19.6,0.5,11.2,4.9,72.68693511492971,27.313064885070297,100604
69,CA-49,0,393013,0,39.0,519217,80.6,2.3,0.9,6.9,0.5,3.1,5.7,72.84639042902894,27.153609570971067,100037
70,CA-50,1,370789,1,37.6,524595,78.8,2.7,1.0,5.9,0.3,5.5,5.9,63.88165323837697,36.11834676162303,78346
71,CA-51,0,248810,0,33.7,443525,68.5,6.6,1.0,7.7,0.6,11.9,3.7,47.46266779277256,52.537332207227436,52471
72,CA-52,0,406904,0,36.8,560713,66.4,3.0,0.3,20.7,0.2,3.2,6.1,82.78801422894522,17.211985771054785,106524
73,CA-53,0,386642,0,35.8,564095,62.7,8.1,0.6,15.1,0.4,7.1,6.1,72.37470119616958,27.625298803830418,82083
74,CO-01,0,473503,0,35.3,635916,78.5,7.8,0.6,3.4,0.1,5.1,4.5,72.96939607477724,27.030603925222756,77507
75,CO-02,0,530867,0,38.0,639136,90.3,1.0,0.7,3.6,0.1,1.3,3.1,80.44548729303678,19.554512706963216,87585
76,CO-03,1,436221,1,40.6,571465,89.5,0.9,2.2,1.1,0.1,3.4,2.7,64.05977126638284,35.94022873361716,59973
77,CO-04,1,487928,1,38.0,618377,89.0,1.6,0.9,2.2,0.1,2.9,3.1,65.61442000051875,34.38557999948125,83609
78,CO-05,1,441370,1,36.3,618627,80.8,6.0,1.0,2.6,0.3,3.5,5.9,70.28293369217555,29.717066307824446,71244
79,CO-06,0,447756,0,36.7,569294,73.2,9.8,0.7,6.3,0.2,5.5,4.4,69.7878297095737,30.2121702904263,87312
80,CO-07,0,439307,0,36.3,591395,85.4,1.8,0.9,3.5,0.1,3.8,4.5,62.440483079991694,37.559516920008306,77164
81,CT-01,0,362392,0,40.9,519263,67.8,15.3,0.3,5.6,0.1,6.3,4.6,64.22705422123553,35.77294577876447,75502
82,CT-02,0,377818,0,42.3,548326,86.2,4.3,0.4,3.8,0.0,2.4,3.0,64.13712384558828,35.86287615441173,80280
83,CT-03,0,354399,0,41.3,545247,71.5,15.5,0.2,4.2,0.0,5.4,3.2,59.369984051747025,40.630015948252975,70574
84,CT-04,0,369791,0,40.0,487562,72.3,12.4,0.1,5.5,0.1,6.1,3.6,69.80765759228649,30.192342407713518,101646
85,CT-05,0,359336,0,41.9,519076,75.5,8.0,0.2,4.2,0.0,8.0,4.1,59.76483766592822,40.23516233407178,73616
86,DE-AL,0,504010,0,41.4,725178,67.7,22.5,0.4,3.8,0.0,2.4,3.1,59.69943545097672,40.30056454902328,70176
87,FL-01,1,443097,1,38.8,606302,76.4,12.9,0.4,2.4,0.1,2.3,5.5,60.79917101749631,39.20082898250369,58358
88,FL-02,1,393088,1,42.7,561491,81.2,12.6,0.2,2.0,0.2,1.3,2.5,55.204230665402264,44.795769334597736,54087
89,FL-03,1,398282,1,37.9,579748,74.7,16.4,0.3,3.3,0.2,1.8,3.4,61.27038014312747,38.729619856872525,56005
90,FL-04,1,510715,1,39.3,625074,79.5,9.9,0.4,4.6,0.1,1.9,3.6,68.7230253779673,31.2769746220327,77026
91,FL-05,0,342746,0,34.7,553978,44.5,47.1,0.4,2.4,0.0,2.8,2.8,51.868360153402385,48.131639846597615,43667
92,FL-06,1,452468,1,48.2,630741,79.7,10.9,0.2,1.9,0.1,4.7,2.5,57.11855603567499,42.88144396432501,55281
93,FL-07,0,414920,0,36.9,609432,73.9,11.6,0.4,5.1,0.1,6.0,2.9,70.71771910487489,29.28228089512511,66748
94,FL-08,1,467055,1,48.3,615259,82.8,9.0,0.2,2.2,0.1,1.8,3.8,62.32459578561412,37.67540421438588,58740
95,FL-09,0,438440,0,38.0,641755,74.0,13.1,0.4,3.0,0.1,6.4,3.0,56.55547556195505,43.44452443804496,54878
96,FL-10,0,381930,0,36.1,535381,54.2,29.5,0.2,5.2,0.0,6.9,4.1,60.49348431194398,39.50651568805601,61737
97,FL-11,1,485989,1,56.0,669669,86.5,7.4,0.4,1.5,0.0,1.8,2.5,55.75349215092661,44.24650784907339,52749
98,FL-12,1,459697,1,46.5,625818,86.3,5.5,0.3,3.0,0.1,1.3,3.5,58.90396266253168,41.096037337468324,56761
99,FL-13,0,410780,0,47.8,585038,78.9,12.1,0.2,3.5,0.1,1.5,3.7,62.69722414495772,37.30277585504228,56612
100,FL-14,0,379538,0,36.4,571062,68.6,19.0,0.1,4.4,0.1,3.7,4.1,62.804629898381194,37.195370101618806,60022
101,FL-15,1,398200,1,39.4,580626,73.9,14.1,0.5,3.2,0.2,5.5,2.6,56.24902523100036,43.75097476899964,57496
102,FL-16,1,490589,1,48.3,665073,82.2,9.7,0.2,2.2,0.0,3.4,2.3,60.88483714696561,39.115162853034384,68071
103,FL-17,1,422675,1,52.7,635931,85.7,7.6,0.4,1.3,0.0,3.2,1.8,52.28296691835968,47.71703308164032,53693
104,FL-18,1,454097,1,48.1,604583,79.6,12.8,0.3,2.3,0.1,2.0,2.9,61.444138754508415,38.555861245491585,68744
105,FL-19,1,456659,1,52.0,637525,85.0,7.8,0.1,1.9,0.1,3.6,1.5,60.930190034984264,39.069809965015736,67598
106,FL-20,0,329313,0,36.9,491860,38.4,52.9,0.3,2.5,0.0,2.2,3.6,48.404912708012944,51.59508729198706,49223
107,FL-21,0,411406,0,47.0,549008,74.4,16.3,0.4,2.7,0.0,3.4,2.8,64.28979174959346,35.71020825040653,65394
108,FL-22,0,413647,0,45.8,549615,76.8,15.1,0.1,3.5,0.1,1.9,2.5,67.89441071949103,32.10558928050896,69452
109,FL-23,0,391205,0,41.8,512459,72.0,15.2,0.3,4.9,0.1,3.9,3.5,68.44131333506421,31.55868666493579,69198
110,FL-24,0,298628,0,37.3,464185,43.3,47.1,0.2,1.1,0.1,5.6,2.5,47.51496368698436,52.48503631301564,44275
111,FL-25,1,322843,1,42.8,466682,90.5,4.1,0.1,1.1,0.0,2.9,1.2,49.278629818509074,50.72137018149092,56270
112,FL-26,1,350423,0,40.3,481612,81.2,11.2,0.3,1.4,0.0,3.5,2.3,54.422297887488746,45.57770211251125,65584
113,FL-27,1,347972,0,42.1,457408,85.6,5.7,0.1,2.4,0.0,4.1,2.1,63.46983646441328,36.530163535586716,60384
114,GA-01,1,332905,1,36.6,559876,62.1,30.7,0.4,1.7,0.1,2.4,2.8,55.96932425761505,44.03067574238495,55542
115,GA-02,0,278056,0,37.3,502891,41.6,52.8,0.3,1.0,0.1,2.1,2.0,50.36278416476221,49.63721583523779,39728
116,GA-03,1,380895,1,38.9,554271,68.6,25.4,0.2,2.1,0.1,1.6,2.0,55.999909295786445,44.000090704213555,66614
117,GA-04,0,357719,0,36.5,533857,27.3,60.9,0.3,4.6,0.2,4.2,2.5,59.84353370811235,40.15646629188765,60128
118,GA-05,0,363156,0,34.0,596247,34.8,55.4,0.4,5.2,0.2,1.7,2.3,68.88364013744487,31.116359862555132,60247
119,GA-06,0,400936,1,39.2,502565,66.7,13.8,1.4,11.7,0.0,3.2,3.3,80.80090407776743,19.19909592223257,100110
120,GA-07,0,379758,1,36.2,501852,51.3,21.5,0.5,15.8,0.0,7.7,3.1,67.84602206393131,32.153977936068685,80926
121,GA-08,1,316121,1,37.6,522995,61.4,31.4,0.7,1.7,0.1,2.3,2.5,52.0781271644272,47.92187283557279,50745
122,GA-09,1,382279,1,41.3,567736,87.4,6.5,0.2,1.4,0.0,2.4,2.1,52.43311249681726,47.56688750318274,59728
123,GA-10,1,387273,1,37.7,563658,67.4,26.1,0.1,2.5,0.0,1.3,2.6,56.941297560166895,43.058702439833105,61151
124,GA-11,1,413230,1,37.6,552348,71.2,17.8,0.5,3.1,0.0,5.0,2.4,68.6757622666992,31.324237733300812,76640
125,GA-12,1,317584,1,36.0,547340,58.1,34.3,0.1,1.7,0.0,2.3,3.4,50.52040952001063,49.47959047998936,50217
126,GA-13,0,367810,0,35.0,550568,29.0,61.6,0.2,2.7,0.0,3.5,3.0,58.01464454223984,41.98535545776016,66203
127,GA-14,1,319995,1,38.3,525633,84.6,8.7,0.3,1.0,0.1,1.9,3.3,47.617368971030736,52.38263102896927,56150
128,HI-01,0,280956,0,39.1,518980,16.8,2.4,0.2,50.5,8.0,1.8,20.3,65.81124094135484,34.188759058645154,86674
129,HI-02,0,293513,0,40.0,495055,31.7,1.4,0.7,26.4,13.7,1.7,24.4,60.569933930941666,39.43006606905834,79985
130,IA-01,1,420577,1,39.2,581804,90.5,4.2,0.4,1.6,0.1,0.9,2.3,59.824930018773,40.17506998122699,61542
131,IA-02,1,410665,1,39.0,589622,88.6,4.9,0.3,2.5,0.0,1.2,2.6,60.02705189969182,39.97294810030818,59569
132,IA-03,0,457240,1,37.4,614259,88.2,5.2,0.3,3.7,0.1,0.8,1.7,65.21933716217586,34.78066283782414,67681
133,IA-04,1,398052,1,38.9,563102,92.5,2.0,0.5,1.7,0.1,1.2,2.1,60.360617072664134,39.639382927335866,58270
134,ID-01,1,467141,1,38.8,682493,88.7,0.8,1.2,1.2,0.1,4.4,3.6,63.05203974005648,36.94796025994352,62886
135,ID-02,1,400220,1,34.6,600137,90.1,0.6,1.4,1.7,0.1,3.1,3.0,64.09415396488521,35.9058460351148,58708
136,IL-01,0,334163,0,38.8,525671,42.0,50.5,0.1,2.6,0.0,2.6,2.1,63.24725430319996,36.75274569680004,56680
137,IL-02,0,305536,0,37.9,504853,37.9,55.9,0.1,0.7,0.0,3.1,2.3,56.91777988890756,43.08222011109243,51472
138,IL-03,0,316987,0,40.0,485828,77.3,5.3,0.5,4.7,0.0,9.6,2.6,58.50987187255235,41.49012812744765,75411
139,IL-04,0,228702,0,34.0,396371,58.1,4.5,0.6,4.4,0.1,28.9,3.4,49.41299713933236,50.58700286066764,59548
140,IL-05,0,371134,0,35.8,535070,79.3,3.0,0.3,7.0,0.1,7.2,3.1,76.16788720078698,23.83211279921303,94144
141,IL-06,0,410398,0,42.1,517458,82.0,2.1,0.2,9.5,0.0,3.1,3.0,76.47536295045352,23.52463704954648,105292
142,IL-07,0,317704,0,35.1,527605,39.5,42.5,0.2,7.8,0.1,7.3,2.7,65.08558748580973,34.914412514190275,64312
143,IL-08,0,290456,0,37.3,456651,65.1,6.4,0.2,13.5,0.0,11.2,3.4,61.727923435740706,38.27207656425929,77991
144,IL-09,0,379942,0,40.3,505966,68.4,9.5,0.2,14.7,0.0,3.5,3.6,75.60366332132004,24.396336678679955,78569
145,IL-10,0,322791,0,38.7,469258,68.8,7.1,0.6,10.9,0.0,9.5,3.0,66.346918617771,33.65308138222901,84608
146,IL-11,0,316000,0,37.2,478947,69.1,11.5,0.4,7.9,0.0,7.4,3.7,63.31850726440679,36.68149273559321,81598
147,IL-12,1,329203,1,40.4,525580,77.8,16.7,0.3,1.3,0.1,0.8,3.0,59.0344698213197,40.9655301786803,53008
148,IL-13,1,337716,1,36.8,541694,80.9,11.9,0.2,4.0,0.1,0.5,2.5,63.035442022201416,36.964557977798584,53578
149,IL-14,0,406028,1,39.8,523833,86.1,3.1,0.1,5.3,0.0,2.9,2.5,70.61706188972909,29.382938110270906,100011
150,IL-15,1,341922,1,41.4,529276,92.3,4.7,0.2,0.7,0.0,0.4,1.6,55.67048282541588,44.32951717458412,56268
151,IL-16,1,344643,1,41.2,530970,89.3,3.8,0.1,1.6,0.0,2.9,2.2,57.82179451244199,42.17820548755801,62868
152,IL-17,0,303222,1,40.7,503019,81.3,12.4,0.3,1.0,0.0,2.3,2.8,53.50045410464418,46.49954589535582,50346
153,IL-18,1,376890,1,40.7,529986,90.3,3.8,0.1,2.9,0.1,0.6,2.3,63.645307443365695,36.354692556634305,67284
154,IN-01,0,331492,0,39.9,540076,71.1,18.5,0.3,1.5,0.1,5.9,2.7,52.12929153252814,47.87070846747186,61104
155,IN-02,1,300581,1,38.2,524091,84.7,7.1,0.3,1.5,0.1,3.3,3.0,50.0276957670265,49.9723042329735,54788
156,IN-03,1,330719,1,37.4,542756,86.4,6.1,0.4,2.7,0.0,1.7,2.8,53.385423611296304,46.614576388703696,57288
157,IN-04,1,345009,1,36.7,567896,87.0,4.6,0.2,3.3,0.0,2.6,2.3,55.83614935861871,44.16385064138128,60119
158,IN-05,1,418387,1,38.3,585141,84.3,8.6,0.2,3.8,0.0,0.8,2.3,69.90375229912152,30.096247700878482,76417
159,IN-06,1,331541,1,40.5,553631,92.6,2.1,0.3,1.7,0.0,1.0,2.4,50.83400594261386,49.165994057386136,55959
160,IN-07,0,283006,0,33.9,531047,57.9,30.7,0.3,4.2,0.0,3.3,3.5,51.457717638564795,48.54228236143521,46118
161,IN-08,1,326153,1,40.3,547306,91.2,4.5,0.1,1.1,0.2,0.8,2.1,52.5897692863456,47.4102307136544,54326
162,IN-09,1,364279,1,38.4,586412,90.7,3.0,0.2,2.7,0.0,1.0,2.3,57.46862852218213,42.53137147781787,60448
163,KS-01,1,298130,1,36.3,501367,87.9,2.8,0.9,1.6,0.2,4.0,2.7,60.87677025316337,39.123229746836635,55188
164,KS-02,1,339357,1,38.5,544073,86.4,4.7,1.3,1.6,0.0,1.7,4.2,61.91150059113922,38.08849940886077,56515
165,KS-03,0,411239,0,37.1,540910,79.0,8.4,0.3,5.1,0.1,3.6,3.5,72.26576635009934,27.73423364990066,81792
166,KS-04,1,323577,1,36.9,517398,81.9,6.7,0.9,3.4,0.0,2.6,4.5,61.87144157770034,38.12855842229966,58119
167,KY-01,1,334095,1,40.4,555777,88.7,7.0,0.4,0.6,0.2,0.8,2.3,46.08309275673214,53.91690724326785,46999
168,KY-02,1,365139,1,38.8,577344,89.1,5.2,0.2,2.1,0.1,0.8,2.5,52.0512876542857,47.94871234571429,53496
169,KY-03,0,369797,0,38.3,548524,70.9,23.0,0.2,2.8,0.1,0.6,2.4,62.89497504331859,37.10502495668141,57546
170,KY-04,1,386856,1,39.7,568729,91.9,3.2,0.0,1.6,0.0,1.2,2.1,57.25394813469905,42.74605186530095,66327
171,KY-05,1,301591,1,41.3,534351,96.4,1.2,0.2,0.6,0.1,0.2,1.4,40.060875324655996,59.939124675344004,35636
172,KY-06,1,377958,1,37.2,582777,83.9,8.9,0.2,2.0,0.2,1.7,3.2,61.6099871423609,38.3900128576391,55613
173,LA-01,1,392488,1,39.1,588760,79.4,14.0,1.1,2.2,0.0,0.9,2.3,58.415841584158414,41.584158415841586,61431
174,LA-02,0,345901,0,37.6,592763,31.4,61.5,0.4,2.6,0.0,2.2,1.9,52.808324349047666,47.191675650952334,44124
175,LA-03,1,356316,1,36.8,579437,69.8,25.0,0.4,1.5,0.0,1.2,2.1,48.736848151476856,51.26315184852314,51504
176,LA-04,1,328304,1,38.3,555133,60.8,33.9,0.9,1.0,0.1,0.7,2.5,46.52845614780208,53.471543852197925,44580
177,LA-05,1,333589,1,38.3,554470,60.6,35.1,0.3,0.8,0.0,1.3,1.9,44.830601714512206,55.169398285487794,41257
178,LA-06,1,391463,1,35.7,592809,68.5,25.2,0.4,2.3,0.0,2.2,1.4,57.576604522904574,42.42339547709542,65549
179,MA-01,0,367953,0,41.1,561563,83.8,6.6,0.2,2.2,0.0,3.6,3.6,57.580272782622124,42.419727217377876,61559
180,MA-02,0,389490,0,40.3,573313,83.1,5.2,0.3,6.0,0.1,2.1,3.3,66.55418371528748,33.44581628471251,77375
181,MA-03,0,383965,0,39.6,549542,74.0,4.1,0.3,7.4,0.1,11.4,2.7,61.76364013690372,38.236359863096276,81879
182,MA-04,0,429320,0,41.1,562422,83.7,3.5,0.2,7.2,0.0,2.1,3.3,71.48647795922298,28.51352204077702,104857
183,MA-05,0,408381,0,38.2,529999,73.8,5.6,0.2,13.4,0.0,3.8,3.2,75.85565301179803,24.144346988201974,106311
184,MA-06,0,446903,0,43.0,571911,84.9,4.1,0.2,4.5,0.0,3.7,2.6,68.43010403120935,31.569895968790636,97115
185,MA-07,0,323587,0,32.3,555533,49.5,25.4,0.3,10.7,0.1,5.5,8.4,67.40852097883582,32.591479021164176,75461
186,MA-08,0,428337,0,40.1,573152,74.7,11.4,0.3,8.3,0.0,2.6,2.7,69.4555014830699,30.54449851693011,100690
187,MA-09,0,437139,0,45.5,579757,87.9,3.7,0.5,1.5,0.0,4.0,2.6,63.63014739401307,36.36985260598693,77167
188,MD-01,1,402745,1,43.0,567020,81.8,12.4,0.3,2.2,0.0,1.0,2.3,61.075264762048434,38.924735237951566,80022
189,MD-02,0,342575,0,37.1,547348,50.9,36.9,0.2,5.3,0.1,3.0,3.5,60.50036733521102,39.49963266478898,73004
190,MD-03,0,382649,0,36.8,559105,61.7,23.5,0.5,7.4,0.0,2.8,4.1,72.87513455863936,27.12486544136063,94736
191,MD-04,0,362454,0,38.0,499522,28.5,52.4,0.2,3.0,0.0,12.8,3.1,60.26750549580672,39.73249450419329,88207
192,MD-05,0,403689,0,39.1,548323,46.8,39.2,0.3,4.1,0.1,5.7,3.9,63.26719740312986,36.73280259687014,101298
193,MD-06,0,375037,0,39.6,534386,66.3,14.3,0.3,11.8,0.0,3.1,4.2,65.16028398231303,34.839716017686975,88592
194,MD-07,0,333295,0,39.2,539189,35.7,52.5,0.5,7.5,0.1,1.2,2.6,63.145647183657175,36.854352816342825,63082
195,MD-08,0,414164,0,40.5,522028,63.5,12.7,0.3,9.5,0.0,10.5,3.5,71.8329505516689,28.167049448331095,109016
196,ME-01,0,443067,0,44.5,550561,93.6,2.1,0.5,1.5,0.0,0.4,1.9,65.49429691582041,34.505703084179586,67392
197,ME-02,0,376307,1,45.7,528209,94.4,1.1,1.0,0.8,0.0,0.4,2.3,56.507985148949615,43.49201485105039,51202
198,MI-01,1,422411,1,47.1,565370,92.2,1.4,2.7,0.7,0.1,0.2,2.7,59.18943698143373,40.81056301856627,51553
199,MI-02,1,409870,1,37.3,553948,84.8,6.2,0.5,2.3,0.0,2.7,3.5,59.571154181945175,40.428845818054825,59356
200,MI-03,1,410219,1,37.4,554738,82.8,8.3,0.3,2.1,0.0,2.1,4.4,62.14986612910488,37.850133870895114,64919
201,MI-04,1,382259,1,41.8,554656,93.7,1.8,0.8,1.0,0.0,0.5,2.1,56.3739052725648,43.62609472743521,54166
202,MI-05,0,367855,0,41.8,521742,77.2,17.5,0.5,1.0,0.0,0.5,3.4,56.31316580169352,43.68683419830647,47655
203,MI-06,1,384755,1,39.1,542562,84.8,8.5,0.4,1.5,0.0,1.0,3.7,60.01279100425416,39.98720899574583,56520
204,MI-07,1,394301,1,42.2,550964,90.9,4.0,0.5,1.2,0.0,0.4,3.0,58.732590305968856,41.26740969403114,61379
205,MI-08,0,434738,1,39.0,562613,85.1,6.1,0.4,5.1,0.0,0.5,2.8,71.69063208944073,28.309367910559274,74841
206,MI-09,0,410103,0,39.9,556032,76.6,13.9,0.5,5.4,0.0,0.4,3.3,61.268268952097046,38.731731047902954,62943
207,MI-10,1,426468,1,43.7,554418,91.9,3.2,0.2,1.7,0.1,0.9,2.0,59.56911190950683,40.43088809049317,67472
208,MI-11,0,460743,1,42.4,537952,80.6,4.9,0.2,11.2,0.0,0.4,2.8,75.76234988718376,24.237650112816233,88253
209,MI-12,0,392079,0,36.4,525725,77.6,11.3,0.3,5.5,0.0,1.8,3.6,65.398842631007,34.601157368993,62253
210,MI-13,0,291132,0,35.3,485588,38.5,54.1,0.7,1.2,0.0,3.0,2.4,47.64919766694404,52.35080233305597,39005
211,MI-14,0,348045,0,37.0,496156,34.1,55.9,0.4,5.7,0.0,1.4,2.5,62.983967696642516,37.016032303357484,50438
212,MN-01,1,374203,1,38.3,497765,89.1,3.1,0.3,3.0,0.1,1.9,2.5,63.12691776618594,36.87308223381405,66330
213,MN-02,0,432792,1,38.1,517880,82.7,5.7,0.3,5.0,0.0,2.7,3.6,71.555412073975,28.444587926024994,90531
214,MN-03,0,452512,0,39.9,528462,77.3,8.3,0.4,8.8,0.0,1.2,3.9,76.20623316660254,23.793766833397463,98877
215,MN-04,0,404458,0,36.5,516588,70.1,10.8,0.4,12.9,0.0,1.6,4.2,69.78936734023895,30.210632659761057,75665
216,MN-05,0,409330,0,34.5,535070,67.2,16.7,0.8,5.6,0.1,4.7,4.8,73.9346919669559,26.065308033044097,68709
217,MN-06,1,425737,1,37.3,533104,88.9,4.1,0.4,2.6,0.0,1.3,2.6,66.26379642285025,33.736203577149745,84159
218,MN-07,1,368161,1,40.5,501373,90.4,1.6,3.3,1.0,0.2,1.5,2.1,60.190096046879646,39.80990395312035,60932
219,MN-08,1,400013,1,43.5,527314,92.5,1.1,2.3,0.8,0.0,0.5,2.7,61.17146452818049,38.82853547181951,61659
220,MO-01,0,321328,0,36.0,547921,42.5,49.0,0.2,3.5,0.0,1.9,2.9,62.683692958502355,37.316307041497645,50163
221,MO-02,1,452325,1,43.3,576008,88.7,3.7,0.2,4.6,0.2,0.4,2.2,75.27771430875514,24.722285691244856,88684
222,MO-03,1,417914,1,39.8,608065,91.7,4.0,0.4,1.3,0.0,0.5,2.1,60.01204290771474,39.98795709228526,69621
223,MO-04,1,369447,1,37.1,590595,88.7,4.7,0.5,1.9,0.2,0.5,3.5,56.33933427113483,43.66066572886517,53237
224,MO-05,0,357416,0,37.5,579431,68.7,21.2,0.4,1.7,0.4,4.1,3.5,58.334761149860846,41.665238850139154,55239
225,MO-06,1,392499,1,39.3,586958,89.2,4.5,0.4,1.4,0.3,0.8,3.3,56.46963875881666,43.53036124118334,62094
226,MO-07,1,376465,1,38.2,594430,91.1,1.9,0.9,1.4,0.1,1.4,3.2,56.50940067130067,43.49059932869934,47679
227,MO-08,1,337764,1,40.7,566910,92.0,4.8,0.3,0.9,0.1,0.2,1.7,46.256761699424416,53.74323830057559,45656
228,MS-01,1,343231,1,38.3,579478,66.8,29.0,0.1,1.1,0.0,1.8,1.2,54.09828831351783,45.90171168648218,50243
229,MS-02,0,300527,0,37.4,519040,30.6,67.0,0.5,0.5,0.0,0.4,1.0,50.86302034207682,49.13697965792318,37372
230,MS-03,1,350527,1,38.4,560442,60.5,35.4,1.0,1.2,0.0,1.1,0.8,58.55827475880906,41.44172524119094,49863
231,MS-04,1,319474,1,39.0,587363,71.5,23.5,0.4,1.3,0.0,0.6,2.7,57.16701867310336,42.83298132689664,47340
232,MT-AL,1,603640,1,40.5,831760,88.0,0.7,6.3,0.8,0.0,0.7,3.4,64.00978802119076,35.99021197880924,57153
233,NC-01,0,352657,0,38.4,570191,47.1,44.5,0.5,1.8,0.1,3.3,2.6,56.59304207252931,43.40695792747069,47469
234,NC-02,0,502490,0,39.1,636164,71.8,19.2,0.4,2.5,0.1,3.2,2.7,66.89759856770327,33.10240143229674,75366
235,NC-03,1,372685,1,37.9,581048,73.2,19.8,0.4,1.4,0.1,1.5,3.6,58.1650973941766,41.8349026058234,53545
236,NC-04,0,499753,0,35.2,610536,60.0,22.6,0.5,9.4,0.0,4.9,2.6,76.824151128902,23.175848871098,75687
237,NC-05,1,394438,1,40.9,583346,79.3,14.7,0.5,1.5,0.1,1.8,2.1,58.20634474875721,41.79365525124279,49376
238,NC-06,0,417805,0,41.5,581560,70.9,19.9,0.6,1.7,0.0,3.9,3.0,54.87581363758965,45.12418636241035,54132
239,NC-07,1,461296,1,42.3,621515,74.6,17.9,0.9,0.9,0.1,2.8,2.9,60.94242850661684,39.057571493383165,53066
240,NC-08,1,385986,1,35.8,591696,64.6,23.0,1.2,2.9,0.2,3.7,4.5,60.80587321483015,39.19412678516984,54507
241,NC-09,1,410978,1,39.6,574114,64.4,19.6,7.6,2.9,0.1,2.9,2.5,64.11676771032306,35.88323228967694,66208
242,NC-10,1,420394,1,42.1,591040,81.2,12.6,0.5,1.8,0.1,2.0,1.9,57.55676971365043,42.44323028634957,53189
243,NC-11,1,454792,1,45.8,607938,89.5,3.3,1.8,1.1,0.1,2.6,1.8,58.60235827693126,41.39764172306874,51884
244,NC-12,0,439717,0,34.1,599115,44.9,37.5,0.4,5.8,0.0,8.0,3.3,70.38150120358888,29.618498796411117,61658
245,NC-13,1,399010,1,39.4,581381,68.0,22.8,0.5,3.7,0.0,2.0,3.0,61.20502987138347,38.79497012861653,56718
246,ND-AL,1,359890,1,35.5,567545,85.8,2.9,5.4,1.4,0.4,0.8,3.3,66.45016024436411,33.54983975563589,64577
247,NE-01,1,320046,1,36.0,475365,88.1,2.8,1.5,2.7,0.2,1.9,2.8,67.61860717624941,32.381392823750595,63921
248,NE-02,1,337754,1,35.0,472694,80.8,9.9,0.7,3.7,0.0,1.6,3.3,69.72322583964194,30.276774160358055,71277
249,NE-03,1,293912,1,40.2,440891,90.2,1.5,0.7,0.7,0.0,4.7,2.1,59.40453323930151,40.59546676069849,55729
250,NH-01,0,409239,1,42.5,540722,92.8,1.6,0.1,2.7,0.0,1.0,1.8,64.85565356856455,35.144346431435444,79996
251,NH-02,0,394594,0,43.5,529493,92.3,1.6,0.2,2.6,0.1,0.6,2.6,63.63884888126451,36.3611511187355,76368
252,NJ-01,0,390213,0,39.2,539844,68.0,17.0,0.1,5.0,0.0,6.7,3.1,59.87067278834355,40.129327211656445,75244
253,NJ-02,1,382685,1,42.8,528293,74.0,12.9,0.3,3.7,0.1,5.7,3.3,53.74660893015866,46.25339106984134,68127
254,NJ-03,0,441362,1,43.5,568535,79.1,11.5,0.2,3.8,0.0,1.9,3.6,62.05001907564858,37.94998092435143,85746
255,NJ-04,1,433563,1,41.1,536357,86.0,6.2,0.1,4.2,0.0,2.2,1.3,67.77279341946823,32.22720658053177,91212
256,NJ-05,0,433296,1,43.9,538231,79.1,5.5,0.1,10.5,0.0,2.0,2.9,72.08053225540625,27.91946774459374,110329
257,NJ-06,0,334578,0,37.7,502050,61.0,10.8,0.1,18.5,0.1,5.7,3.8,63.86515643729479,36.13484356270521,91654
258,NJ-07,0,441160,0,43.0,520886,74.9,5.0,0.2,11.8,0.0,5.6,2.4,72.8665660238381,27.133433976161896,115585
259,NJ-08,0,254802,0,35.1,420965,57.8,10.7,0.5,9.8,0.0,17.4,3.7,53.170761113278665,46.829238886721335,65658
260,NJ-09,0,321623,0,38.9,476041,62.7,8.9,0.2,13.7,0.1,11.4,2.9,55.664880367313415,44.335119632686585,81431
261,NJ-10,0,302548,0,36.7,506649,31.1,51.0,0.3,6.4,0.0,7.3,3.9,56.624318497937296,43.3756815020627,61975
262,NJ-11,0,451995,1,43.5,527170,81.7,4.6,0.1,10.5,0.0,1.1,1.9,74.53593669555896,25.46406330444104,120847
263,NJ-12,0,361527,0,40.4,505109,52.9,17.3,0.3,17.5,0.0,9.3,2.8,66.35098970677747,33.649010293222524,87559
264,NM-01,0,327717,0,39.1,510328,74.4,2.7,4.5,2.7,0.1,11.2,4.4,63.23724153846999,36.76275846153001,55318
265,NM-02,1,270577,1,37.3,492566,81.9,2.4,5.3,1.2,0.0,7.1,2.0,51.480431104519,48.519568895481,46817
266,NM-03,0,325671,0,39.3,519277,65.3,1.9,18.7,1.4,0.0,8.8,3.9,59.47718103416367,40.52281896583633,53357
267,NV-01,0,233349,0,36.4,423658,51.4,12.1,1.7,9.3,0.7,20.7,4.2,44.688007359611944,55.311992640388056,44078
268,NV-02,1,392617,1,39.6,536143,78.5,2.0,2.2,4.5,0.5,8.8,3.6,62.332791835848745,37.66720816415126,69972
269,NV-03,0,435797,1,39.7,630813,64.5,8.8,0.6,13.9,0.7,5.9,5.6,67.23192137847688,32.76807862152312,79169
270,NV-04,0,343613,0,37.3,521318,63.6,15.6,1.2,5.6,1.0,8.0,5.1,53.4899783175669,46.510021682433106,62241
271,NY-01,1,386329,1,42.3,526240,85.5,5.2,0.1,4.1,0.0,3.0,2.1,64.43497785706045,35.565022142939554,101701
272,NY-02,1,356124,1,40.6,512037,73.9,10.0,0.5,4.1,0.1,8.9,2.6,61.69903951870707,38.300960481292925,108725
273,NY-03,0,395436,0,45.9,536640,73.3,2.9,0.5,16.7,0.0,4.3,2.3,75.62221822017547,24.377781779824538,126191
274,NY-04,0,380697,0,40.4,512546,64.5,15.2,0.2,7.3,0.0,8.7,4.1,65.882506008675,34.117493991325006,110677
275,NY-05,0,275508,0,39.7,495842,17.3,49.2,0.7,15.1,0.1,13.9,3.7,53.981621089186625,46.01837891081337,76150
276,NY-06,0,247255,0,42.0,434571,41.3,5.4,0.4,40.4,0.0,9.2,3.3,60.46672392483817,39.53327607516182,70529
277,NY-07,0,233221,0,34.9,443176,48.5,11.7,0.6,18.3,0.1,16.6,4.4,53.519935561820375,46.48006443817962,66891
278,NY-08,0,283554,0,36.4,545882,31.6,51.9,0.2,6.1,0.0,7.0,3.1,56.11381098030943,43.88618901969056,59806
279,NY-09,0,285350,0,37.2,481363,36.2,46.7,0.3,7.3,0.0,5.8,3.7,61.35301392240448,38.64698607759552,69754
280,NY-10,0,286527,0,37.0,498723,68.7,3.7,0.3,18.7,0.0,5.5,3.1,73.72245834130906,26.277541658690946,103331
281,NY-11,1,298863,1,39.8,498830,69.4,7.7,0.2,15.4,0.0,4.9,2.4,59.61845141299089,40.381548587009114,81253
282,NY-12,0,332820,0,36.2,552090,71.0,5.4,0.1,15.5,0.0,4.7,3.4,82.71461971099224,17.28538028900775,124502
283,NY-13,0,264872,0,35.3,485528,30.0,29.5,0.6,4.3,0.2,30.0,5.5,54.15594844591352,45.84405155408648,46298
284,NY-14,0,220982,0,37.8,401473,41.4,10.5,0.6,17.8,0.0,25.2,4.4,50.64527047707526,49.35472952292474,66749
285,NY-15,0,198198,0,32.1,421642,16.3,42.0,0.4,1.8,0.0,35.3,4.1,40.550669942645534,59.449330057354466,31061
286,NY-16,0,309170,0,40.4,506330,44.4,32.0,0.7,5.1,0.0,13.7,4.0,62.90277557603369,37.09722442396631,74799
287,NY-17,0,356203,0,39.0,495562,69.1,11.3,0.1,6.1,0.0,10.6,2.8,69.852454381815,30.147545618185006,108449
288,NY-18,0,355716,1,39.7,530428,77.2,10.6,0.3,3.1,0.1,5.4,3.3,64.14939056713285,35.850609432867145,91723
289,NY-19,0,367482,1,45.4,555732,87.1,4.9,0.3,1.6,0.0,3.0,3.1,59.11848169401003,40.88151830598997,67004
290,NY-20,0,366382,0,39.2,560724,78.3,9.3,0.1,5.3,0.1,2.2,4.8,66.87538517587855,33.12461482412146,71156
291,NY-21,1,323276,1,41.5,546491,92.5,2.8,0.5,1.2,0.0,0.7,2.2,53.9820334507359,46.0179665492641,57320
292,NY-22,1,323896,1,41.0,533819,88.7,3.9,0.2,3.0,0.0,1.0,3.3,57.62997482301417,42.370025176985834,56615
293,NY-23,1,321276,1,41.2,540476,90.4,2.9,0.6,2.4,0.0,1.3,2.4,58.80091917115495,41.199080828845055,53769
294,NY-24,1,349961,0,40.4,539232,83.3,8.5,0.5,2.8,0.0,1.2,3.8,61.936925590333004,38.063074409666996,60899
295,NY-25,0,363605,0,39.1,547133,75.0,15.8,0.2,3.7,0.2,2.0,3.1,67.74498278982793,32.25501721017206,61336
296,NY-26,0,335256,0,38.1,540265,70.4,18.3,0.6,4.7,0.0,3.0,3.1,63.81846975475675,36.18153024524326,52122
297,NY-27,1,394811,1,44.4,568055,92.7,2.6,0.6,1.0,0.0,1.2,1.9,62.539511351006446,37.460488648993554,69186
298,OH-01,1,390226,1,36.7,550781,70.7,21.4,0.0,4.0,0.1,0.7,3.0,62.16211977037215,37.83788022962785,63648
299,OH-02,1,385916,1,39.9,555323,86.2,9.2,0.1,1.4,0.0,0.5,2.6,58.413518161354375,41.58648183864563,61220
300,OH-03,0,330494,0,32.6,565727,52.8,34.6,0.2,4.4,0.1,3.2,4.7,58.91991308523019,41.080086914769815,51435
301,OH-04,1,353273,1,41.4,550776,89.3,5.2,0.2,1.2,0.1,0.9,3.1,50.2050627044564,49.79493729554359,60212
302,OH-05,1,385874,1,39.8,553726,91.2,3.0,0.3,1.4,0.1,1.4,2.6,58.832730019382055,41.167269980617945,63702
303,OH-06,1,344239,1,43.5,549999,95.2,2.1,0.0,0.5,0.0,0.5,1.6,46.03239321257457,53.96760678742544,52442
304,OH-07,1,363357,1,41.4,553091,92.1,4.2,0.2,0.7,0.0,0.4,2.4,47.53403282216841,52.46596717783159,57897
305,OH-08,1,368357,1,39.0,547822,87.5,6.8,0.1,2.4,0.0,0.8,2.3,53.09729970830619,46.902700291693805,62845
306,OH-09,0,313540,0,37.5,520939,74.5,15.9,0.4,2.1,0.1,2.6,4.4,54.10589801103841,45.89410198896159,45076
307,OH-10,1,367302,1,38.7,552940,75.5,16.2,0.4,2.1,0.1,1.2,4.4,63.88406451283009,36.11593548716991,56595
308,OH-11,0,316805,0,39.3,525057,39.8,52.9,0.4,2.4,0.0,1.5,3.0,59.91598423088641,40.08401576911359,42207
309,OH-12,1,446172,1,39.2,588304,86.5,5.0,0.2,4.9,0.0,0.6,2.8,66.75040691843546,33.24959308156454,76631
310,OH-13,0,335896,0,41.7,560255,81.2,12.6,0.1,2.4,0.0,0.5,3.2,52.968882469306365,47.03111753069363,46582
311,OH-14,1,413841,1,43.8,553234,90.2,4.9,0.1,1.9,0.0,0.5,2.3,61.31144806833142,38.68855193166858,67698
312,OH-15,1,393949,1,38.8,594787,89.3,4.7,0.2,2.8,0.0,0.5,2.4,59.441190836832256,40.55880916316774,69844
313,OH-16,1,411139,1,43.5,556708,92.7,1.9,0.1,2.5,0.0,0.8,1.9,62.85653133475788,37.14346866524212,68534
314,OK-01,1,337495,1,36.6,574642,71.1,8.6,6.2,3.3,0.1,2.6,8.0,61.86032049984947,38.13967950015053,59660
315,OK-02,1,290575,1,40.3,565049,65.9,3.2,17.2,0.7,0.2,1.9,11.0,48.30842267261393,51.69157732738607,45207
316,OK-03,1,311625,1,37.0,568862,79.8,3.6,6.7,1.4,0.2,2.3,6.0,52.692332951083856,47.307667048916144,54629
317,OK-04,1,315917,1,36.5,594411,75.1,7.1,5.9,2.4,0.1,1.8,7.5,57.43528686320043,42.56471313679957,59463
318,OK-05,1,305087,1,35.3,572095,70.1,13.2,4.8,3.4,0.1,2.9,5.5,59.410258442615124,40.589741557384876,54928
319,OR-01,0,472277,0,38.0,617472,78.5,1.8,0.7,9.0,0.4,4.8,4.9,70.81766931258599,29.182330687414005,81473
320,OR-02,1,470391,1,42.3,638108,89.7,0.8,2.3,1.1,0.2,2.1,3.7,60.58624414185192,39.41375585814808,57870
321,OR-03,0,479782,0,37.6,641510,78.2,4.8,0.8,7.4,0.6,2.6,5.6,72.07825666588509,27.921743334114918,73091
322,OR-04,0,470962,0,41.6,650640,87.9,0.9,0.9,2.3,0.2,2.7,5.0,65.51406858622191,34.48593141377809,55886
323,OR-05,0,463820,0,39.9,614474,83.8,0.9,1.2,2.9,0.2,5.5,5.4,65.49803697014185,34.50196302985816,68757
324,PA-01,1,445566,0,43.5,542506,85.4,4.7,0.1,6.2,0.0,1.6,2.1,66.47825122293949,33.52174877706051,93474
325,PA-02,0,295805,0,35.7,491451,45.0,25.2,0.4,8.8,0.0,16.6,4.0,44.40150103481547,55.59849896518454,46248
326,PA-03,0,392103,0,33.6,573719,33.3,56.4,0.6,5.6,0.1,1.1,3.0,63.221390966114285,36.778609033885715,49897
327,PA-04,0,449359,0,41.2,552061,79.6,9.7,0.1,6.7,0.0,1.2,2.7,69.92614573144566,30.073854268554346,91030
328,PA-05,0,404738,0,38.6,525272,63.3,25.8,0.3,7.0,0.1,1.2,2.3,61.150429502263734,38.849570497736266,71880
329,PA-06,0,407525,0,39.3,533141,78.0,7.0,0.2,4.7,0.0,7.0,3.1,65.74189890686178,34.25810109313821,85665
330,PA-07,0,384606,0,40.6,550950,82.0,7.5,0.2,3.0,0.0,4.1,3.1,55.82469600413067,44.17530399586933,69105
331,PA-08,0,356564,1,43.0,543310,84.3,7.9,0.3,1.9,0.0,3.4,2.2,52.61728315849133,47.38271684150867,56149
332,PA-09,1,359619,1,44.2,556670,92.2,2.6,0.3,1.2,0.0,2.1,1.4,45.717195083875,54.282804916125,62078
333,PA-10,1,396974,1,40.3,558693,78.1,11.4,0.2,4.1,0.0,2.3,3.7,56.67465698226699,43.32534301773301,67155
334,PA-11,1,387414,1,39.5,555086,89.1,3.7,0.1,1.8,0.0,2.1,3.2,50.15993411774685,49.84006588225314,68811
335,PA-12,1,345181,1,41.1,552013,93.8,2.2,0.2,1.7,0.1,0.4,1.7,47.812027995830405,52.187972004169595,55203
336,PA-13,1,369191,1,44.2,548308,93.4,3.2,0.4,0.5,0.0,0.8,1.7,43.73440594638254,56.26559405361746,56618
337,PA-14,1,380075,1,45.6,545910,93.4,3.0,0.0,0.9,0.0,0.4,2.2,54.39152594345186,45.60847405654814,59165
338,PA-15,1,351941,1,44.8,543052,95.2,2.4,0.1,0.7,0.0,0.3,1.3,45.27608144812877,54.72391855187123,53741
339,PA-16,1,363010,1,43.0,537685,90.6,4.5,0.2,1.1,0.0,0.7,3.0,52.45657074658533,47.543429253414665,54627
340,PA-17,0,436600,1,43.5,551560,88.1,6.0,0.1,2.7,0.0,0.5,2.6,68.20757977597833,31.79242022402167,70857
341,PA-18,0,392002,0,38.5,548814,73.5,18.1,0.1,4.3,0.0,0.7,3.3,66.41076166009842,33.589238339901584,58743
342,RI-01,0,241561,0,39.3,391053,75.9,8.6,0.4,3.2,0.0,7.3,4.7,58.65158400967508,41.34841599032492,66652
343,RI-02,0,273437,0,40.8,409745,81.5,6.2,0.3,3.8,0.0,4.4,3.7,62.370557084383606,37.6294429156164,74180
344,SC-01,1,427594,1,39.8,615755,72.0,19.0,0.4,2.1,0.5,2.9,3.0,68.93278592448307,31.067214075516926,77185
345,SC-02,1,364935,1,39.0,541862,69.4,24.6,0.4,1.9,0.1,1.2,2.4,63.087874272359855,36.912125727640145,60781
346,SC-03,1,335118,1,40.6,540303,75.1,19.2,0.2,1.0,0.0,1.8,2.6,54.155572443845934,45.844427556154066,50815
347,SC-04,1,362743,1,38.4,555462,73.5,17.6,0.4,2.6,0.2,3.2,2.5,62.20143761766216,37.79856238233784,60731
348,SC-05,1,367759,1,40.1,553076,68.1,26.2,0.5,1.7,0.0,0.9,2.6,58.288058951012566,41.71194104898744,56282
349,SC-06,0,290095,0,36.9,510628,38.1,54.3,0.2,1.2,0.1,3.9,2.2,53.050800870527816,46.949199129472184,41128
350,SC-07,1,365085,1,44.6,575255,67.5,27.8,0.5,1.1,0.0,1.4,1.7,51.41857301550645,48.58142698449355,49494
351,SD-AL,1,422609,1,37.7,653394,84.1,2.4,8.6,1.3,0.2,0.7,2.8,60.85450932938944,39.145490670610556,59533
352,TN-01,1,318556,1,44.0,570495,94.1,2.3,0.4,0.8,0.1,0.5,1.9,49.32495488262621,50.6750451173738,47478
353,TN-02,1,360121,1,40.5,587665,89.0,5.9,0.3,1.6,0.0,0.7,2.5,59.96296614425034,40.03703385574966,57777
354,TN-03,1,335599,1,41.6,573580,84.4,10.5,0.3,1.4,0.1,1.2,2.1,55.28958001714216,44.71041998285784,52491
355,TN-04,1,354562,1,37.8,596604,83.3,9.9,0.2,2.0,0.0,1.5,3.0,53.4734591518503,46.52654084814969,59461
356,TN-05,0,348420,0,35.0,564374,66.5,24.4,0.3,3.4,0.1,3.1,2.2,66.7759211549482,33.224078845051814,63295
357,TN-06,1,376800,1,40.9,608091,89.4,5.2,0.4,1.1,0.0,2.1,1.9,52.10900295412688,47.89099704587312,59421
358,TN-07,1,367606,1,38.2,590210,83.4,9.7,0.3,2.1,0.1,0.9,3.5,57.446056998932114,42.553943001067886,62720
359,TN-08,1,344842,1,41.2,536275,73.0,22.0,0.3,1.7,0.0,1.2,1.8,56.612001293408184,43.387998706591816,60152
360,TN-09,0,246484,0,34.1,502286,27.6,65.1,0.1,2.4,0.0,3.2,1.6,54.567142537208625,45.432857462791375,43708
361,TX-01,1,305555,1,37.4,518180,77.5,17.2,0.4,1.1,0.0,1.2,2.5,56.19744257593771,43.80255742406229,54396
362,TX-02,1,350446,1,35.9,519981,66.4,11.9,0.5,8.3,0.0,9.7,3.2,67.88789916441112,32.112100835588876,80922
363,TX-03,1,430583,1,37.5,584690,67.2,9.9,0.3,17.8,0.1,1.8,2.9,76.83728612669279,23.162713873307204,95619
364,TX-04,1,347229,1,39.1,562550,80.4,10.9,0.7,1.6,0.1,3.0,3.3,56.45569234777519,43.54430765222481,60060
365,TX-05,1,283292,1,36.4,495961,75.3,15.1,0.5,2.8,0.0,4.0,2.2,50.03148713750433,49.96851286249567,57026
366,TX-06,1,344549,1,35.2,554164,64.1,21.1,0.3,4.8,0.3,6.3,3.2,62.38554805002903,37.61445194997097,71161
367,TX-07,0,317555,0,35.6,466858,60.0,15.5,0.7,12.1,0.1,8.3,3.4,73.41617560172322,26.58382439827678,73730
368,TX-08,1,388622,1,37.9,600690,83.0,8.4,0.3,3.0,0.0,2.5,2.7,60.74447317282774,39.25552682717226,78615
369,TX-09,0,236216,0,34.4,434566,34.5,39.0,0.3,12.1,0.0,11.7,2.3,52.79100062089872,47.20899937910128,49147
370,TX-10,1,421154,1,35.7,604700,70.1,12.7,0.6,5.1,0.0,8.3,3.3,67.72220128869691,32.277798711303085,80528
371,TX-11,1,297883,1,35.6,543743,83.1,4.3,0.6,1.1,0.1,8.2,2.6,54.665045530681134,45.334954469318866,64070
372,TX-12,1,371220,1,35.9,584149,78.9,9.7,0.8,3.8,0.1,3.8,3.0,61.76452087710249,38.23547912289751,73000
373,TX-13,1,277737,1,37.0,495640,85.1,5.5,0.8,2.4,0.2,3.1,2.8,51.696706792601134,48.303293207398866,54004
374,TX-14,1,314976,1,37.3,532061,73.1,19.3,0.2,3.2,0.1,2.0,2.1,57.457302810955944,42.542697189044056,67459
375,TX-15,0,237674,0,31.8,450561,83.8,1.9,0.2,1.2,0.0,10.3,2.6,46.366915948310144,53.63308405168985,48113
376,TX-16,0,242067,0,32.4,476360,79.0,3.8,0.6,1.3,0.0,12.5,2.7,55.700231111435905,44.299768888564095,49013
377,TX-17,1,315612,1,33.3,558009,76.1,13.7,0.5,4.5,0.1,1.7,3.4,62.03804112262038,37.961958877379615,58929
378,TX-18,0,250836,0,32.4,489098,51.0,33.7,0.4,4.4,0.1,8.1,2.2,48.96172153583651,51.03827846416349,48625
379,TX-19,1,270656,1,33.9,516199,83.6,6.2,0.4,1.6,0.1,5.3,2.8,54.13946313536767,45.86053686463234,55278
380,TX-20,0,277918,0,32.6,547526,78.5,5.7,1.1,3.0,0.1,7.7,3.8,54.8562056688788,45.14379433112119,54908
381,TX-21,1,460677,1,38.9,628280,84.7,4.2,0.8,3.8,0.0,3.1,3.5,73.29242167276622,26.707578327233776,73472
382,TX-22,1,421488,1,36.7,610720,59.7,14.5,0.6,18.3,0.1,3.2,3.7,72.01548754072934,27.984512459270665,101658
383,TX-23,1,302412,0,34.4,510863,84.3,3.5,0.8,2.0,0.2,6.7,2.5,50.03330225123218,49.96669774876782,59074
384,TX-24,1,347697,1,35.6,529495,62.2,13.1,0.5,15.5,0.3,4.7,3.6,72.44444031974659,27.55555968025342,79667
385,TX-25,1,400230,1,37.8,596070,82.4,7.4,0.5,3.8,0.3,2.1,3.6,65.86106660599475,34.13893339400526,79975
386,TX-26,1,441183,1,36.3,625355,76.0,9.1,0.6,7.8,0.1,2.6,3.8,73.18804628562256,26.811953714377434,96307
387,TX-27,1,278915,1,36.7,523961,85.7,4.9,0.2,1.6,0.0,5.5,2.0,50.00533769838446,49.99466230161554,55987
388,TX-28,0,243744,0,31.2,441163,87.7,3.9,0.5,0.7,0.3,4.6,2.4,46.919731177892714,53.08026882210729,53597
389,TX-29,0,161080,0,30.3,394689,72.2,10.5,0.3,1.8,0.0,13.5,1.6,35.10926339680866,64.89073660319134,48300
390,TX-30,0,266014,0,33.0,476002,47.9,41.2,0.3,1.8,0.0,7.0,1.9,49.193016274402105,50.806983725597895,51819
391,TX-31,1,404642,1,35.0,625582,74.6,12.3,0.5,5.9,0.2,2.1,4.5,67.1604322428872,32.83956775711279,75813
392,TX-32,0,345210,0,35.3,497892,67.4,14.9,0.5,8.2,0.1,5.2,3.7,70.35596346524923,29.64403653475076,76464
393,TX-33,0,160757,0,30.6,354913,60.8,16.2,0.4,2.1,0.0,18.7,1.8,34.175101224244905,65.8248987757551,45997
394,TX-34,0,207201,0,32.5,429232,91.7,1.4,0.3,0.5,0.0,4.6,1.5,42.50708991963775,57.49291008036225,42092
395,TX-35,0,277929,0,33.0,570039,76.9,9.2,0.6,1.8,0.0,8.8,2.7,51.708287028958225,48.291712971041775,53898
396,TX-36,1,308153,1,37.0,525600,82.4,9.0,0.5,1.8,0.0,3.6,2.8,50.91814673446105,49.081853265538946,62206
397,UT-01,1,358818,1,31.1,529838,91.4,0.9,1.1,1.7,0.3,1.6,2.9,64.47204427277319,35.52795572722681,73964
398,UT-02,1,370162,1,33.4,534997,83.4,1.5,1.2,3.1,1.6,6.3,3.0,66.76319131899385,33.23680868100616,69852
399,UT-03,1,374671,1,28.7,523751,90.3,0.7,1.5,1.9,0.8,1.3,3.4,74.64490914131339,25.355090858686612,78931
400,UT-04,1,384026,1,31.5,545663,84.5,1.5,0.6,2.8,1.2,6.0,3.6,65.29263089122048,34.70736910877952,80918
401,VA-01,1,453853,1,39.3,592356,72.4,16.4,0.2,3.6,0.0,3.2,4.2,64.28606561408687,35.713934385913134,90181
402,VA-02,0,362346,1,36.9,553005,67.2,19.3,0.3,6.2,0.1,2.2,4.9,69.16272117792197,30.837278822078034,74704
403,VA-03,0,347932,0,35.1,567916,43.3,47.4,0.1,2.6,0.1,2.0,4.4,59.63798047294785,40.36201952705215,56455
404,VA-04,0,398796,0,37.8,589257,51.3,41.1,0.3,1.7,0.0,2.2,3.4,58.941654335650796,41.0583456643492,60407
405,VA-05,1,405973,1,43.2,579655,74.9,19.4,0.4,1.7,0.0,0.7,2.8,57.8872256968782,42.112774303121796,57615
406,VA-06,1,386961,1,39.7,585724,82.2,11.9,0.3,1.5,0.1,1.1,2.9,55.462376501031954,44.53762349896805,59939
407,VA-07,0,458367,1,39.8,579534,69.0,18.0,0.2,5.4,0.1,4.0,3.3,65.42872553104219,34.57127446895781,81364
408,VA-08,0,401441,0,36.5,535969,62.9,14.1,0.3,12.2,0.0,5.8,4.6,78.97268679987226,21.027313200127736,111627
409,VA-09,1,347822,1,43.7,567777,90.8,5.5,0.2,1.5,0.1,0.4,1.5,53.22061470903472,46.77938529096528,46909
410,VA-10,0,478159,0,38.8,563408,69.1,8.0,0.3,15.6,0.1,2.5,4.5,75.8915249946601,24.108475005339894,132226
411,VA-11,0,399109,0,37.0,512022,55.5,13.9,0.5,18.7,0.2,7.0,4.4,76.3572440814289,23.6427559185711,118099
412,VT-AL,0,365486,0,42.8,498705,93.8,1.5,0.5,1.4,0.1,0.3,2.5,63.45590972317458,36.54409027682542,63001
413,WA-01,0,435779,0,38.8,533647,75.1,1.5,1.1,13.0,0.3,3.7,5.3,73.04598391163405,26.95401608836595,106190
414,WA-02,0,414020,0,38.9,566650,76.1,3.3,1.7,9.5,0.4,3.5,5.4,68.47638142435602,31.523618575643976,75095
415,WA-03,1,423462,1,39.8,556214,85.9,1.6,0.7,3.2,0.6,2.1,5.8,62.28344560023643,37.71655439976357,70936
416,WA-04,1,309502,1,34.4,446137,75.2,1.4,2.7,1.4,0.3,15.2,3.8,51.57012794761236,48.42987205238764,59872
417,WA-05,1,406614,1,38.2,562834,87.3,1.7,1.7,2.5,0.5,1.6,4.7,68.28040459442984,31.719595405570168,57837
418,WA-06,0,425315,0,41.9,567917,80.8,4.0,2.1,3.8,0.5,1.8,7.0,67.28778220836409,32.71221779163591,72169
419,WA-07,0,478306,0,35.8,609219,69.7,5.0,0.5,14.7,0.4,2.9,6.8,82.73991852946556,17.260081470534434,100991
420,WA-08,0,419669,0,38.3,524468,72.4,3.1,1.2,9.6,1.0,6.9,5.8,66.11960700407306,33.88039299592694,95968
421,WA-09,0,361921,0,36.3,481044,49.2,12.0,0.7,23.9,1.1,6.5,6.7,70.61451631602736,29.38548368397264,90353
422,WA-10,0,385791,0,37.0,560905,71.3,6.4,1.4,7.3,1.6,3.8,8.1,62.82439011305876,37.175609886941245,75114
423,WI-01,1,409363,1,40.9,540501,86.9,6.0,0.3,2.2,0.1,2.1,2.4,60.9108868408585,39.0891131591415,68695
424,WI-02,0,466777,0,37.2,579336,85.9,4.4,0.4,4.5,0.1,1.9,2.8,71.30218535098706,28.697814649012948,72036
425,WI-03,0,393809,1,39.2,565661,93.2,1.5,0.5,2.5,0.1,0.8,1.5,60.31193066042086,39.688069339579144,59426
426,WI-04,0,317863,0,32.8,487730,50.8,33.7,0.7,4.0,0.0,7.1,3.7,57.03399898600843,42.96600101399157,47421
427,WI-05,1,450097,1,42.5,570227,90.5,2.4,0.3,3.1,0.1,1.5,2.2,67.30365842173306,32.69634157826694,77386
428,WI-06,1,409886,1,42.0,553146,91.6,2.0,0.5,2.6,0.2,1.2,1.9,58.801771487950916,41.198228512049084,63251
429,WI-07,1,420340,1,45.0,556088,93.2,0.8,2.1,1.7,0.1,0.3,1.9,57.02637011327894,42.97362988672106,60706
430,WI-08,1,421811,1,40.8,560199,89.0,1.7,2.6,2.5,0.0,1.9,2.3,58.66986194175843,41.33013805824157,65346
431,WV-01,1,270510,1,42.3,482965,93.6,2.5,0.3,0.9,0.0,0.7,1.8,50.744239565290385,49.255760434709615,51480
432,WV-02,1,282556,1,42.3,485281,91.8,4.4,0.2,0.9,0.0,0.4,2.3,48.39589123374971,51.60410876625029,52166
433,WV-03,1,241586,1,44.2,452043,93.9,4.1,0.0,0.5,0.0,0.1,1.3,41.763816592693146,58.236183407306854,42553
434,WY-AL,1,275026,1,38.1,434852,90.9,1.2,2.4,0.8,0.1,1.9,2.7,63.237510403311056,36.76248959668894,65003
